
{
    "region" : "ca-central-1",
    "configuration" : "Release",
    "framework"     : "net5.0",
    "self-contained" : false,
    "application"    : "ImmunizNation",
    "environment"    : "ImmunizNation-prod",
    "app-path"       : "/",
    "iis-website"    : "Default Web Site",
    "enable-xray"    : false,
    "enhanced-health-type" : "basic",
    "additional-options"   : "",
    "solution-stack"       : "64bit Windows Server Core 2019 v2.8.2 running IIS 10.0",
    "environment-type"     : "SingleInstance",
    "cname"                : "immuniznation-prod",
    "instance-type"        : "t2.micro",
    "key-pair"             : "MEDUCOM-SHARED-CA-1-kvp",
    "instance-profile"     : "aws-elasticbeanstalk-ec2-role",
    "service-role"         : "aws-elasticbeanstalk-service-role"
}